"global_step","MountainCarContinuous-v0_ppo_s9_1754848049 - _step","MountainCarContinuous-v0_ppo_s9_1754848049 - _step__MIN","MountainCarContinuous-v0_ppo_s9_1754848049 - _step__MAX","MountainCarContinuous-v0_ppo_s9_1754848049 - eval/mean_ep_length","MountainCarContinuous-v0_ppo_s9_1754848049 - eval/mean_ep_length__MIN","MountainCarContinuous-v0_ppo_s9_1754848049 - eval/mean_ep_length__MAX","MountainCarContinuous-v0_ppo_s8_1754847947 - _step","MountainCarContinuous-v0_ppo_s8_1754847947 - _step__MIN","MountainCarContinuous-v0_ppo_s8_1754847947 - _step__MAX","MountainCarContinuous-v0_ppo_s8_1754847947 - eval/mean_ep_length","MountainCarContinuous-v0_ppo_s8_1754847947 - eval/mean_ep_length__MIN","MountainCarContinuous-v0_ppo_s8_1754847947 - eval/mean_ep_length__MAX","MountainCarContinuous-v0_ppo_s7_1754847899 - _step","MountainCarContinuous-v0_ppo_s7_1754847899 - _step__MIN","MountainCarContinuous-v0_ppo_s7_1754847899 - _step__MAX","MountainCarContinuous-v0_ppo_s7_1754847899 - eval/mean_ep_length","MountainCarContinuous-v0_ppo_s7_1754847899 - eval/mean_ep_length__MIN","MountainCarContinuous-v0_ppo_s7_1754847899 - eval/mean_ep_length__MAX","MountainCarContinuous-v0_ppo_s6_1754847852 - _step","MountainCarContinuous-v0_ppo_s6_1754847852 - _step__MIN","MountainCarContinuous-v0_ppo_s6_1754847852 - _step__MAX","MountainCarContinuous-v0_ppo_s6_1754847852 - eval/mean_ep_length","MountainCarContinuous-v0_ppo_s6_1754847852 - eval/mean_ep_length__MIN","MountainCarContinuous-v0_ppo_s6_1754847852 - eval/mean_ep_length__MAX","MountainCarContinuous-v0_ppo_s5_1754847794 - _step","MountainCarContinuous-v0_ppo_s5_1754847794 - _step__MIN","MountainCarContinuous-v0_ppo_s5_1754847794 - _step__MAX","MountainCarContinuous-v0_ppo_s5_1754847794 - eval/mean_ep_length","MountainCarContinuous-v0_ppo_s5_1754847794 - eval/mean_ep_length__MIN","MountainCarContinuous-v0_ppo_s5_1754847794 - eval/mean_ep_length__MAX","MountainCarContinuous-v0_ppo_s4_1754847713 - _step","MountainCarContinuous-v0_ppo_s4_1754847713 - _step__MIN","MountainCarContinuous-v0_ppo_s4_1754847713 - _step__MAX","MountainCarContinuous-v0_ppo_s4_1754847713 - eval/mean_ep_length","MountainCarContinuous-v0_ppo_s4_1754847713 - eval/mean_ep_length__MIN","MountainCarContinuous-v0_ppo_s4_1754847713 - eval/mean_ep_length__MAX","MountainCarContinuous-v0_ppo_s3_1754847665 - _step","MountainCarContinuous-v0_ppo_s3_1754847665 - _step__MIN","MountainCarContinuous-v0_ppo_s3_1754847665 - _step__MAX","MountainCarContinuous-v0_ppo_s3_1754847665 - eval/mean_ep_length","MountainCarContinuous-v0_ppo_s3_1754847665 - eval/mean_ep_length__MIN","MountainCarContinuous-v0_ppo_s3_1754847665 - eval/mean_ep_length__MAX","MountainCarContinuous-v0_ppo_s2_1754847606 - _step","MountainCarContinuous-v0_ppo_s2_1754847606 - _step__MIN","MountainCarContinuous-v0_ppo_s2_1754847606 - _step__MAX","MountainCarContinuous-v0_ppo_s2_1754847606 - eval/mean_ep_length","MountainCarContinuous-v0_ppo_s2_1754847606 - eval/mean_ep_length__MIN","MountainCarContinuous-v0_ppo_s2_1754847606 - eval/mean_ep_length__MAX","MountainCarContinuous-v0_ppo_s1_1754847526 - _step","MountainCarContinuous-v0_ppo_s1_1754847526 - _step__MIN","MountainCarContinuous-v0_ppo_s1_1754847526 - _step__MAX","MountainCarContinuous-v0_ppo_s1_1754847526 - eval/mean_ep_length","MountainCarContinuous-v0_ppo_s1_1754847526 - eval/mean_ep_length__MIN","MountainCarContinuous-v0_ppo_s1_1754847526 - eval/mean_ep_length__MAX","MountainCarContinuous-v0_ppo_s0_1754847440 - _step","MountainCarContinuous-v0_ppo_s0_1754847440 - _step__MIN","MountainCarContinuous-v0_ppo_s0_1754847440 - _step__MAX","MountainCarContinuous-v0_ppo_s0_1754847440 - eval/mean_ep_length","MountainCarContinuous-v0_ppo_s0_1754847440 - eval/mean_ep_length__MIN","MountainCarContinuous-v0_ppo_s0_1754847440 - eval/mean_ep_length__MAX"
"1024","2","2","2","999","999","999","2","2","2","999","999","999","2","2","2","999","999","999","2","2","2","999","999","999","2","2","2","999","999","999","2","2","2","999","999","999","2","2","2","999","999","999","2","2","2","999","999","999","2","2","2","999","999","999","2","2","2","999","999","999"
"2048","9","9","9","999","999","999","11","11","11","999","999","999","11","11","11","750.6","750.6","750.6","11","11","11","611.2","611.2","611.2","11","11","11","871.4","871.4","871.4","11","11","11","999","999","999","11","11","11","509.8","509.8","509.8","11","11","11","999","999","999","9","9","9","999","999","999","9","9","9","999","999","999"
"3072","29","29","29","999","999","999","31","31","31","999","999","999","31","31","31","327.2","327.2","327.2","32","32","32","334.2","334.2","334.2","31","31","31","999","999","999","31","31","31","999","999","999","32","32","32","266.2","266.2","266.2","31","31","31","999","999","999","29","29","29","999","999","999","29","29","29","999","999","999"
"4096","49","49","49","999","999","999","51","51","51","999","999","999","51","51","51","223.4","223.4","223.4","52","52","52","206.8","206.8","206.8","51","51","51","674","674","674","51","51","51","999","999","999","52","52","52","245.6","245.6","245.6","51","51","51","587.8","587.8","587.8","49","49","49","999","999","999","49","49","49","999","999","999"
"5120","70","70","70","999","999","999","72","72","72","999","999","999","72","72","72","189","189","189","72","72","72","146.8","146.8","146.8","72","72","72","363.6","363.6","363.6","72","72","72","999","999","999","72","72","72","237.8","237.8","237.8","72","72","72","404.2","404.2","404.2","70","70","70","999","999","999","70","70","70","999","999","999"
"6144","90","90","90","738.6","738.6","738.6","92","92","92","999","999","999","92","92","92","216.6","216.6","216.6","92","92","92","131.6","131.6","131.6","92","92","92","274.2","274.2","274.2","92","92","92","999","999","999","92","92","92","192.4","192.4","192.4","92","92","92","325.6","325.6","325.6","90","90","90","999","999","999","90","90","90","999","999","999"
"7168","110","110","110","347.4","347.4","347.4","112","112","112","999","999","999","112","112","112","145.8","145.8","145.8","112","112","112","108.6","108.6","108.6","112","112","112","155.6","155.6","155.6","112","112","112","999","999","999","112","112","112","172.2","172.2","172.2","112","112","112","292.8","292.8","292.8","110","110","110","999","999","999","110","110","110","999","999","999"
"8192","130","130","130","136.6","136.6","136.6","132","132","132","999","999","999","132","132","132","104.4","104.4","104.4","132","132","132","110.6","110.6","110.6","132","132","132","144","144","144","132","132","132","999","999","999","132","132","132","137.8","137.8","137.8","132","132","132","271","271","271","130","130","130","999","999","999","130","130","130","999","999","999"
"9216","150","150","150","116.2","116.2","116.2","152","152","152","999","999","999","152","152","152","102.2","102.2","102.2","152","152","152","109.6","109.6","109.6","152","152","152","112","112","112","152","152","152","999","999","999","152","152","152","102","102","102","152","152","152","156.2","156.2","156.2","150","150","150","999","999","999","150","150","150","512.4","512.4","512.4"
"10240","170","170","170","105.4","105.4","105.4","172","172","172","999","999","999","172","172","172","98.2","98.2","98.2","172","172","172","102.2","102.2","102.2","172","172","172","155.6","155.6","155.6","172","172","172","265","265","265","172","172","172","132.6","132.6","132.6","172","172","172","150","150","150","170","170","170","255.4","255.4","255.4","170","170","170","435.8","435.8","435.8"
"11264","190","190","190","118.2","118.2","118.2","192","192","192","999","999","999","192","192","192","95.4","95.4","95.4","192","192","192","93.4","93.4","93.4","192","192","192","110.2","110.2","110.2","192","192","192","300.2","300.2","300.2","192","192","192","97.6","97.6","97.6","192","192","192","139.8","139.8","139.8","190","190","190","274.8","274.8","274.8","190","190","190","451.4","451.4","451.4"
"12288","210","210","210","91","91","91","212","212","212","999","999","999","212","212","212","93.2","93.2","93.2","212","212","212","102.4","102.4","102.4","212","212","212","106.4","106.4","106.4","212","212","212","173.4","173.4","173.4","212","212","212","98.4","98.4","98.4","212","212","212","121.6","121.6","121.6","210","210","210","129","129","129","210","210","210","258.2","258.2","258.2"
"13312","230","230","230","99.6","99.6","99.6","232","232","232","893.6","893.6","893.6","232","232","232","92.4","92.4","92.4","232","232","232","102.8","102.8","102.8","232","232","232","122","122","122","232","232","232","181.6","181.6","181.6","232","232","232","114.4","114.4","114.4","232","232","232","120.8","120.8","120.8","230","230","230","107.6","107.6","107.6","230","230","230","251.8","251.8","251.8"
"14336","250","250","250","80.6","80.6","80.6","252","252","252","712.4","712.4","712.4","252","252","252","92.2","92.2","92.2","252","252","252","103","103","103","252","252","252","121.6","121.6","121.6","252","252","252","137.8","137.8","137.8","252","252","252","125","125","125","252","252","252","114.2","114.2","114.2","250","250","250","120.2","120.2","120.2","250","250","250","181.2","181.2","181.2"
"15360","270","270","270","80.4","80.4","80.4","272","272","272","437","437","437","272","272","272","93","93","93","272","272","272","106.2","106.2","106.2","272","272","272","121.6","121.6","121.6","272","272","272","132.8","132.8","132.8","272","272","272","101.4","101.4","101.4","272","272","272","112.6","112.6","112.6","270","270","270","117.2","117.2","117.2","270","270","270","175.2","175.2","175.2"
"16384","290","290","290","84","84","84","292","292","292","325","325","325","292","292","292","89.2","89.2","89.2","292","292","292","87.2","87.2","87.2","292","292","292","121.8","121.8","121.8","292","292","292","99.2","99.2","99.2","292","292","292","98.8","98.8","98.8","292","292","292","112.6","112.6","112.6","290","290","290","102.6","102.6","102.6","290","290","290","162.2","162.2","162.2"
"17408","310","310","310","79.4","79.4","79.4","312","312","312","282.4","282.4","282.4","314","314","314","93.2","93.2","93.2","312","312","312","106.4","106.4","106.4","312","312","312","121","121","121","312","312","312","114.4","114.4","114.4","313","313","313","109.4","109.4","109.4","313","313","313","111.4","111.4","111.4","310","310","310","92","92","92","310","310","310","222.6","222.6","222.6"
"18432","332","332","332","79.4","79.4","79.4","332","332","332","220.6","220.6","220.6","334","334","334","87.6","87.6","87.6","334","334","334","106","106","106","334","334","334","118","118","118","332","332","332","86.6","86.6","86.6","333","333","333","99","99","99","333","333","333","113.2","113.2","113.2","330","330","330","106.6","106.6","106.6","332","332","332","144.8","144.8","144.8"
"19456","352","352","352","89.6","89.6","89.6","352","352","352","194.2","194.2","194.2","354","354","354","90.4","90.4","90.4","354","354","354","100.6","100.6","100.6","354","354","354","117.2","117.2","117.2","354","354","354","90.8","90.8","90.8","353","353","353","106.4","106.4","106.4","353","353","353","115.6","115.6","115.6","350","350","350","123.2","123.2","123.2","352","352","352","127.8","127.8","127.8"
"20480","372","372","372","78.8","78.8","78.8","374","374","374","216","216","216","374","374","374","87.2","87.2","87.2","374","374","374","90.8","90.8","90.8","374","374","374","117","117","117","374","374","374","96.6","96.6","96.6","373","373","373","105.4","105.4","105.4","374","374","374","113.6","113.6","113.6","372","372","372","103.8","103.8","103.8","372","372","372","139.8","139.8","139.8"